/*
Navicat MySQL Data Transfer

Source Server         : localhost
Source Server Version : 50087
Source Host           : localhost:3306
Source Database       : ydb

Target Server Type    : MYSQL
Target Server Version : 50087
File Encoding         : 65001

Date: 2016-03-14 23:04:08
*/

SET FOREIGN_KEY_CHECKS=0;

-- ----------------------------
-- Table structure for t_category
-- ----------------------------
DROP TABLE IF EXISTS `t_category`;
CREATE TABLE `t_category` (
  `id` bigint(20) NOT NULL auto_increment,
  `create_date` datetime default NULL,
  `name` varchar(255) default NULL,
  `remark` varchar(255) default NULL,
  `type` varchar(255) default NULL,
  PRIMARY KEY  (`id`)
) ENGINE=InnoDB AUTO_INCREMENT=8 DEFAULT CHARSET=utf8;

-- ----------------------------
-- Records of t_category
-- ----------------------------
INSERT INTO `t_category` VALUES ('1', '2016-03-09 21:14:35', '球类', '球类', null);
INSERT INTO `t_category` VALUES ('2', '2016-03-09 21:14:42', '有氧类', '有氧类', null);
INSERT INTO `t_category` VALUES ('3', '2016-03-09 21:14:48', '台球及桌游类', '台球及桌游类', null);
INSERT INTO `t_category` VALUES ('4', '2016-03-09 21:14:55', '棋牌', '棋牌', null);
INSERT INTO `t_category` VALUES ('5', '2016-03-09 21:15:03', '水上运动', '水上运动', null);
INSERT INTO `t_category` VALUES ('6', '2016-03-09 21:15:10', '无氧运动', '无氧运动', null);
INSERT INTO `t_category` VALUES ('7', '2016-03-09 21:15:24', '室内健身', '室内健身', null);

-- ----------------------------
-- Table structure for t_order
-- ----------------------------
DROP TABLE IF EXISTS `t_order`;
CREATE TABLE `t_order` (
  `id` bigint(20) NOT NULL auto_increment,
  `addr` varchar(255) default NULL,
  `create_date` datetime default NULL,
  `order_date` datetime default NULL,
  `order_time` varchar(255) default NULL,
  `price` double default NULL,
  `remark` varchar(255) default NULL,
  `state` varchar(255) default NULL,
  `toalprice` double default NULL,
  `project` bigint(20) default NULL,
  `user` bigint(20) default NULL,
  PRIMARY KEY  (`id`),
  KEY `FK_pd8nd1mb39msifrjxxubrkoia` (`project`),
  KEY `FK_1isv5n8ndeuw5y3mwianl1j94` (`user`),
  CONSTRAINT `FK_1isv5n8ndeuw5y3mwianl1j94` FOREIGN KEY (`user`) REFERENCES `t_user` (`id`),
  CONSTRAINT `FK_pd8nd1mb39msifrjxxubrkoia` FOREIGN KEY (`project`) REFERENCES `t_project` (`id`)
) ENGINE=InnoDB AUTO_INCREMENT=16 DEFAULT CHARSET=utf8;

-- ----------------------------
-- Records of t_order
-- ----------------------------
INSERT INTO `t_order` VALUES ('1', '56', '2016-03-12 21:53:01', '2012-12-12 00:00:00', null, '100', '111', '待审核', '100', '1', '4');
INSERT INTO `t_order` VALUES ('2', '11', '2016-03-12 22:24:43', '2012-12-12 00:00:00', null, '34', '111', '已取消', '34', '2', '4');
INSERT INTO `t_order` VALUES ('3', 'hhh', '2016-03-14 21:05:19', '2016-04-22 00:00:00', null, '100', null, '待审核', '100', '1', '4');
INSERT INTO `t_order` VALUES ('4', 'gggg', '2016-03-14 21:10:05', '2016-04-22 00:00:00', null, '100', null, '待审核', '100', '1', '4');
INSERT INTO `t_order` VALUES ('5', 'gggg', '2016-03-14 21:10:06', '2016-04-22 00:00:00', null, '100', null, '待审核', '100', '1', '4');
INSERT INTO `t_order` VALUES ('6', 'gggg', '2016-03-14 21:10:07', '2016-04-22 00:00:00', null, '100', null, '待审核', '100', '1', '4');
INSERT INTO `t_order` VALUES ('7', 'er', '2016-03-14 21:12:34', '2016-04-22 00:00:00', null, '100', null, '待审核', '100', '1', '4');
INSERT INTO `t_order` VALUES ('8', 'er', '2016-03-14 21:12:35', '2016-04-22 00:00:00', null, '100', null, '待审核', '100', '1', '4');
INSERT INTO `t_order` VALUES ('9', 'ff', '2016-03-14 21:14:23', '2016-04-22 00:00:00', null, '100', null, '待审核', '100', '1', '4');
INSERT INTO `t_order` VALUES ('10', 'ff', '2016-03-14 21:14:23', '2016-04-22 00:00:00', null, '100', null, '待审核', '100', '1', '4');
INSERT INTO `t_order` VALUES ('11', '', '2016-03-14 21:35:15', '2016-04-22 00:00:00', null, '100', null, '待审核', '100', '1', '4');
INSERT INTO `t_order` VALUES ('12', 'vvv', '2016-03-14 21:52:37', '2016-04-22 00:00:00', null, '100', null, '待审核', '100', '1', null);
INSERT INTO `t_order` VALUES ('13', 'fff', '2016-03-14 21:57:24', '2016-04-22 00:00:00', null, '100', null, '待审核', '100', '1', null);
INSERT INTO `t_order` VALUES ('14', 'wwww', '2016-03-14 22:35:56', '2016-04-22 00:00:00', null, '400', null, '待审核', '400', '4', '4');
INSERT INTO `t_order` VALUES ('15', '123123', '2016-03-14 22:41:40', '2017-12-12 00:00:00', null, '100', '111', '订单成功', '100', '1', '4');

-- ----------------------------
-- Table structure for t_project
-- ----------------------------
DROP TABLE IF EXISTS `t_project`;
CREATE TABLE `t_project` (
  `id` bigint(20) NOT NULL auto_increment,
  `create_date` datetime default NULL,
  `name` varchar(255) default NULL,
  `price` double default NULL,
  `remark` text,
  `title` varchar(255) default NULL,
  `unit` varchar(255) default NULL,
  `user` varchar(255) default NULL,
  `category` bigint(20) default NULL,
  `num` int(11) default NULL,
  PRIMARY KEY  (`id`),
  KEY `FK_l7h2e0tyeyt7kyp357g78586s` (`category`),
  CONSTRAINT `FK_l7h2e0tyeyt7kyp357g78586s` FOREIGN KEY (`category`) REFERENCES `t_category` (`id`)
) ENGINE=InnoDB AUTO_INCREMENT=17 DEFAULT CHARSET=utf8;

-- ----------------------------
-- Records of t_project
-- ----------------------------
INSERT INTO `t_project` VALUES ('1', '2016-03-09 21:17:15', '有力量室内健身', '100', '<p style=\"margin-top: 0px; margin-bottom: 1.2em; padding: 0px; color: rgb(128, 128, 128); font-family: 微软雅黑; font-size: 12.96px; line-height: 25.92px; white-space: normal; background-color: rgb(255, 255, 255);\">环境优美、篮球场地</p><p style=\"margin-top: 0px; margin-bottom: 1.2em; padding: 0px; color: rgb(128, 128, 128); font-family: 微软雅黑; font-size: 12.96px; line-height: 25.92px; white-space: normal; background-color: rgb(255, 255, 255);\"><img src=\"http://www.qyd8.com/upload/venues/100/066/4/%E5%AE%A4%E5%A4%9601.jpg\" alt=\"\" style=\"margin: 0px; padding: 0px; border: 0px; max-width: 100%; height: auto;\"/></p><p><br/></p>', '有力量室内健身', null, null, '7', null);
INSERT INTO `t_project` VALUES ('2', '2016-03-12 22:00:25', '颐运康园', '34', '<p><span style=\"font-family: 微软雅黑; font-size: 25.92px; background-color: rgb(255, 255, 255);\">颐运康园</span></p>', '颐运康园', null, null, '1', null);
INSERT INTO `t_project` VALUES ('3', '2016-03-14 22:16:45', '北京龙泉宾馆 ', '200', '<ul class=\" list-paddingleft-2\"><li><p><br/></p></li><li><p><br/></p></li><li><p><br/></p></li><li><p><br/></p></li><li><p><br/></p></li><li><p><br/></p></li><li><p><br/></p></li><li><p><br/></p></li><li><p><br/></p></li><li><p><br/></p></li></ul><p style=\"margin-top: 0px; margin-bottom: 1.2em; padding: 0px; color: rgb(128, 128, 128); font-family: 微软雅黑; font-size: 12.96px; line-height: 25.92px; white-space: normal; background-color: rgb(255, 255, 255);\"><iframe width=\"604\" height=\"525\" frameborder=\"0\" scrolling=\"no\" marginheight=\"0\" marginwidth=\"0\" src=\"http://j.map.baidu.com/rAus7\"></iframe></p><p style=\"margin-top: 0px; margin-bottom: 1.2em; padding: 0px; color: rgb(128, 128, 128); font-family: 微软雅黑; font-size: 12.96px; line-height: 25.92px; white-space: normal; background-color: rgb(255, 255, 255);\"><br/></p><p style=\"margin-top: 0px; margin-bottom: 1.2em; padding: 0px; color: rgb(128, 128, 128); font-family: 微软雅黑; font-size: 12.96px; line-height: 25.92px; white-space: normal; background-color: rgb(255, 255, 255);\"><img src=\"http://www.qyd8.com/upload/venues/100/074/3/03.jpg\" title=\"泰格网球馆\" alt=\"泰格网球馆\" style=\"margin: 0px; padding: 0px; border: 0px; max-width: 100%; height: auto;\"/></p><p style=\"margin-top: 0px; margin-bottom: 1.2em; padding: 0px; color: rgb(128, 128, 128); font-family: 微软雅黑; font-size: 12.96px; line-height: 25.92px; white-space: normal; background-color: rgb(255, 255, 255);\"><img src=\"http://www.qyd8.com/upload/venues/100/074/3/02.jpg\" title=\"泰格网球馆\" alt=\"泰格网球馆\" style=\"margin: 0px; padding: 0px; border: 0px; max-width: 100%; height: auto;\"/></p><p style=\"margin-top: 0px; margin-bottom: 1.2em; padding: 0px; color: rgb(128, 128, 128); font-family: 微软雅黑; font-size: 12.96px; line-height: 25.92px; white-space: normal; background-color: rgb(255, 255, 255);\"><br/></p><p style=\"margin-top: 0px; margin-bottom: 1.2em; padding: 0px; color: rgb(128, 128, 128); font-family: 微软雅黑; font-size: 12.96px; line-height: 25.92px; white-space: normal; background-color: rgb(255, 255, 255);\"><br/></p><p style=\"margin-top: 0px; margin-bottom: 1.2em; padding: 0px; color: rgb(128, 128, 128); font-family: 微软雅黑; font-size: 12.96px; line-height: 25.92px; white-space: normal; background-color: rgb(255, 255, 255);\"><strong style=\"margin: 0px; padding: 0px;\"><a href=\"http://www.qyd8.com/venues_info.html?tid=3&vid=100074\" style=\"margin: 0px; padding: 0px; color: rgb(128, 128, 128); text-decoration: none; outline: none;\">泰格网球馆</a></strong>，开始接受&nbsp;<a href=\"http://www.qyd8.com/\" style=\"margin: 0px; padding: 0px; color: rgb(128, 128, 128); text-decoration: none; outline: none;\"><span style=\"margin: 0px; padding: 0px; color: rgb(0, 153, 0);\"><strong style=\"margin: 0px; padding: 0px;\">去运动吧</strong></span></a>&nbsp;在线&nbsp;<a href=\"http://www.qyd8.com/venues.html\" style=\"margin: 0px; padding: 0px; color: rgb(128, 128, 128); text-decoration: none; outline: none;\"><span style=\"margin: 0px; padding: 0px; color: rgb(0, 153, 0);\">网球场馆预订</span></a>&nbsp;服务，球馆位于北京朝阳区东五环与五四营北路交叉口东北角。</p><p style=\"margin-top: 0px; margin-bottom: 1.2em; padding: 0px; color: rgb(128, 128, 128); font-family: 微软雅黑; font-size: 12.96px; line-height: 25.92px; white-space: normal; background-color: rgb(255, 255, 255);\">场馆空间开阔，内设2片专业网球场地，照明光线舒适，配套齐全，馆内可沐浴，卫生条件优越。</p><p style=\"margin-top: 0px; margin-bottom: 1.2em; padding: 0px; color: rgb(128, 128, 128); font-family: 微软雅黑; font-size: 12.96px; line-height: 25.92px; white-space: normal; background-color: rgb(255, 255, 255);\">场馆外设有专属停车场，车位充足。</p><p><br/></p>', '北京龙泉宾馆 ', null, null, '7', null);
INSERT INTO `t_project` VALUES ('4', '2016-03-14 22:18:04', '泰格网球馆', '400', '<ul class=\" list-paddingleft-2\"><li><p><br/></p></li><li><p><br/></p></li><li><p><br/></p></li><li><p><br/></p></li><li><p><br/></p></li><li><p><br/></p></li><li><p><br/></p></li></ul><p style=\"margin-top: 0px; margin-bottom: 1.2em; padding: 0px;\"><iframe width=\"604\" height=\"365\" frameborder=\"0\" scrolling=\"no\" marginheight=\"0\" marginwidth=\"0\" src=\"http://j.map.baidu.com/uS4h0\"></iframe></p><p style=\"margin-top: 0px; margin-bottom: 1.2em; padding: 0px;\"><br/></p><p style=\"margin-top: 0px; margin-bottom: 1.2em; padding: 0px;\"><span style=\"margin: 0px; padding: 0px;\">四张专业乒乓球台</span></p><p style=\"margin-top: 0px; margin-bottom: 1.2em; padding: 0px;\"><span style=\"margin: 0px; padding: 0px;\"><img src=\"http://www.qyd8.com/upload/venues/100/063/2/IMG_2184.jpg\" alt=\"\" style=\"margin: 0px; padding: 0px; border: 0px; max-width: 100%; height: auto;\"/><br style=\"margin: 0px; padding: 0px;\"/></span></p><p style=\"margin-top: 0px; margin-bottom: 1.2em; padding: 0px;\"><br/></p><p style=\"margin-top: 0px; margin-bottom: 1.2em; padding: 0px;\">&nbsp;&nbsp;&nbsp;&nbsp;&nbsp;&nbsp;&nbsp;&nbsp;颐运康园（羽毛球）商务会馆属北京万氏颐运康园健身有限公司。位于旧宫工业园南区43号，地处五环内北侧辅路。交通便利。<br style=\"margin: 0px; padding: 0px;\"/>球馆面积将近6000平米，内有十四块标准羽毛球专业塑胶场地、4张专业乒乓球台、9张台球桌，管内最高点距场地15米，最低点距场地9米，全部采用专业场地灯光；同时有4个商务套间、东方红综合商务厅（内含羽毛球、乒乓球、台球、会议室、会客厅）、咖啡厅及保健按摩专区。宾馆内设有男宾部、女宾部并配套有更衣间、淋浴间、卫生间；另有商品部，提供有羽毛球、乒乓球、台球运动的器材、服装、鞋袜及卫生用品等，并提供机械换弦拉拍、修理断裂羽毛球拍等服务。<br style=\"margin: 0px; padding: 0px;\"/>颐运康园将举办羽毛球培训班，为您提供教练、陪练、裁判等专业服务。还将为您或单位提供技术交流比赛的服务，定期举办羽毛球赛事，承接商务会议、公司联谊等活动。<br style=\"margin: 0px; padding: 0px;\"/>我们将以用心服务、到位服务、顾客第一、满意第一的宗旨，为您提供优质、专业的配套服务。<br style=\"margin: 0px; padding: 0px;\"/>真诚欢迎您带上家人、朋友和您的尊贵客人来到颐运康园（羽毛球）商务会馆，将是您运动、休闲、聚会最佳场所。<br style=\"margin: 0px; padding: 0px;\"/></p><p style=\"margin-top: 0px; margin-bottom: 1.2em; padding: 0px;\"><img src=\"http://www.qyd8.com/upload/venues/100/063/IMG_2186.jpg\" alt=\"\" style=\"margin: 0px; padding: 0px; border: 0px; max-width: 100%; height: auto;\"/></p><p style=\"margin-top: 0px; margin-bottom: 1.2em; padding: 0px;\">颐运龙苑与茶室</p><p><br/></p>', '泰格网球馆', null, null, '1', null);
INSERT INTO `t_project` VALUES ('5', '2016-03-14 22:18:40', '北方温泉会议中心', '326', '<p style=\"margin-top: 0px; margin-bottom: 1.2em; padding: 0px; color: rgb(128, 128, 128); font-family: 微软雅黑; font-size: 12.96px; line-height: 25.92px; white-space: normal; background-color: rgb(255, 255, 255);\">北方温泉会议中心康体馆是集室内、室外、运动、休闲为一体的综合性场所，提供保龄球、沙壶球、桌上足球、乒乓球、台球、棋牌室、网球、羽毛球、篮球、排球等室内项目，在各运动场馆可以享受到我们为您提供的优质服务及专业教练耐心细致的技术指导。</p><p style=\"margin-top: 0px; margin-bottom: 1.2em; padding: 0px; color: rgb(128, 128, 128); font-family: 微软雅黑; font-size: 12.96px; line-height: 25.92px; white-space: normal; background-color: rgb(255, 255, 255);\"><br style=\"margin: 0px; padding: 0px;\"/></p><p style=\"margin-top: 0px; margin-bottom: 1.2em; padding: 0px; color: rgb(128, 128, 128); font-family: 微软雅黑; font-size: 12.96px; line-height: 25.92px; white-space: normal; background-color: rgb(255, 255, 255);\">篮球馆采用高档实木铺设的篮球专业场地，拥有篮球全场2块及斗牛场1块，篮球场地能承接各项比赛及训练使用，场馆环境良好，设施设备齐全。</p><p style=\"margin-top: 0px; margin-bottom: 1.2em; padding: 0px; color: rgb(128, 128, 128); font-family: 微软雅黑; font-size: 12.96px; line-height: 25.92px; white-space: normal; background-color: rgb(255, 255, 255);\"><img src=\"http://www.qyd8.com/upload/venues/100/069/4/20150209115433_1406.jpg\" alt=\"\" style=\"margin: 0px; padding: 0px; border: 0px; max-width: 100%; height: auto;\"/></p><p style=\"margin-top: 0px; margin-bottom: 1.2em; padding: 0px; color: rgb(128, 128, 128); font-family: 微软雅黑; font-size: 12.96px; line-height: 25.92px; white-space: normal; background-color: rgb(255, 255, 255);\"><img src=\"http://www.qyd8.com/upload/venues/100/069/4/20150209115433_2656.jpg\" alt=\"\" style=\"margin: 0px; padding: 0px; border: 0px; max-width: 100%; height: auto;\"/></p><p style=\"margin-top: 0px; margin-bottom: 1.2em; padding: 0px; color: rgb(128, 128, 128); font-family: 微软雅黑; font-size: 12.96px; line-height: 25.92px; white-space: normal; background-color: rgb(255, 255, 255);\"><br/></p><p style=\"margin-top: 0px; margin-bottom: 1.2em; padding: 0px; color: rgb(128, 128, 128); font-family: 微软雅黑; font-size: 12.96px; line-height: 25.92px; white-space: normal; background-color: rgb(255, 255, 255);\"><br/></p><p style=\"margin-top: 0px; margin-bottom: 1.2em; padding: 0px; color: rgb(128, 128, 128); font-family: 微软雅黑; font-size: 12.96px; line-height: 25.92px; white-space: normal; background-color: rgb(255, 255, 255);\">北京北方温泉会议中心有限公司（简称北方温泉会议中心）位于北京市房山区，距广安门桥26公里，距北京西客站23公里，交通十分便利。</p><p style=\"margin-top: 0px; margin-bottom: 1.2em; padding: 0px; color: rgb(128, 128, 128); font-family: 微软雅黑; font-size: 12.96px; line-height: 25.92px; white-space: normal; background-color: rgb(255, 255, 255);\">中心环境优雅、装修豪华、功能齐全，是召开各种会议、专业培训、商务洽谈和休闲度假的理想选择。</p><p style=\"margin-top: 0px; margin-bottom: 1.2em; padding: 0px; color: rgb(128, 128, 128); font-family: 微软雅黑; font-size: 12.96px; line-height: 25.92px; white-space: normal; background-color: rgb(255, 255, 255);\">北方温泉会议中心占地200亩，有六万平方米的绿地园林，花草树木芳香浓郁，一派清新；七千平方米的人工湖畔，九栋新颖和谐、装修雅致的别墅，点缀着庭院典雅的空间；192间装修一新的客房让您舒适享受，给您一个理想家园的感觉。</p><p style=\"margin-top: 0px; margin-bottom: 1.2em; padding: 0px; color: rgb(128, 128, 128); font-family: 微软雅黑; font-size: 12.96px; line-height: 25.92px; white-space: normal; background-color: rgb(255, 255, 255);\">北方温泉会议中心主体建筑-四季厅，一年四季春意盎然，并将餐饮、会议、运动、娱乐区巧妙连为一体。</p><p style=\"margin-top: 0px; margin-bottom: 1.2em; padding: 0px; color: rgb(128, 128, 128); font-family: 微软雅黑; font-size: 12.96px; line-height: 25.92px; white-space: normal; background-color: rgb(255, 255, 255);\">会议区有9个大小各异、高档豪华的会议室，并配有先进的声像设备，是理想的会议之都。</p><p style=\"margin-top: 0px; margin-bottom: 1.2em; padding: 0px; color: rgb(128, 128, 128); font-family: 微软雅黑; font-size: 12.96px; line-height: 25.92px; white-space: normal; background-color: rgb(255, 255, 255);\">餐饮区豪华气派的宴会大厅可同时容纳五百人就餐，由深圳名厨主理的鲍鱼、鱼翅地道正宗，能满足商务宴客的尊贵之需；以绿色食品为主的农家小菜、地方小食，经济实惠、丰俭由人。</p><p style=\"margin-top: 0px; margin-bottom: 1.2em; padding: 0px; color: rgb(128, 128, 128); font-family: 微软雅黑; font-size: 12.96px; line-height: 25.92px; white-space: normal; background-color: rgb(255, 255, 255);\"><strong style=\"margin: 0px; padding: 0px;\">北方温泉会议中心是休闲的乐园</strong></p><p style=\"margin-top: 0px; margin-bottom: 1.2em; padding: 0px; color: rgb(128, 128, 128); font-family: 微软雅黑; font-size: 12.96px; line-height: 25.92px; white-space: normal; background-color: rgb(255, 255, 255);\">它利用独特的地热资源，修建了温泉泳馆，并拥有室外高尔夫练习场、室内篮球馆、排球馆、网球馆、羽毛球馆、保龄球馆、壁球馆、乒乓球室、桌球室、棋牌室和KTV包房、美容美发、歌舞厅、桑拿按摩，为各界人士和八方宾客提供了惬意的休憩场所。 北方温泉会议中心由拥有优秀管理团队的深圳北方大酒店经营管理，这支团队将在首都西南部为尊贵的顾客呈献专业服务和职业风采！</p><p><br/></p>', '北方温泉会议中心', null, null, '1', null);
INSERT INTO `t_project` VALUES ('6', '2016-03-14 22:19:31', '亦庄中学羽毛球馆 ', '345', '<p style=\"margin-top: 0px; margin-bottom: 1.2em; padding: 0px; color: rgb(128, 128, 128); font-family: 微软雅黑; font-size: 12.96px; line-height: 25.92px; white-space: normal; background-color: rgb(255, 255, 255);\"><span style=\"margin: 0px; padding: 0px; line-height: 1.5;\"><a href=\"http://www.qyd8.com/\" target=\"_blank\" style=\"margin: 0px; padding: 0px; color: rgb(128, 128, 128); text-decoration: none; outline: none;\">羽毛球运动装备</a>专卖店就设立在场馆内，非常方便球友的选择。</span></p><p style=\"margin-top: 0px; margin-bottom: 1.2em; padding: 0px; color: rgb(128, 128, 128); font-family: 微软雅黑; font-size: 12.96px; line-height: 25.92px; white-space: normal; background-color: rgb(255, 255, 255);\"><img src=\"http://www.qyd8.com/upload/venues/100/052/IMG_2149-1.jpg\" alt=\"\" style=\"margin: 0px; padding: 0px; border: 0px; max-width: 100%; height: auto;\"/></p><p style=\"margin-top: 0px; margin-bottom: 1.2em; padding: 0px; color: rgb(128, 128, 128); font-family: 微软雅黑; font-size: 12.96px; line-height: 25.92px; white-space: normal; background-color: rgb(255, 255, 255);\"><span style=\"margin: 0px; padding: 0px; line-height: 1.5;\"><a href=\"http://www.qyd8.com/venues_info.html?tid=0&vid=100052\" target=\"_blank\" style=\"margin: 0px; padding: 0px; color: rgb(128, 128, 128); text-decoration: none; outline: none;\">名图羽毛球馆</a>，是全国唯一建立在果岭上的气膜馆，采用的顶灯照明为反射光，不晃眼，亮度和视觉感效果极佳。</span></p><p style=\"margin-top: 0px; margin-bottom: 1.2em; padding: 0px; color: rgb(128, 128, 128); font-family: 微软雅黑; font-size: 12.96px; line-height: 25.92px; white-space: normal; background-color: rgb(255, 255, 255);\"><span style=\"margin: 0px; padding: 0px; line-height: 1.5;\"><img src=\"http://www.qyd8.com/upload/venues/100/052/IMG_2145-2.jpg\" alt=\"\" style=\"margin: 0px; padding: 0px; border: 0px; max-width: 100%; height: auto;\"/><br style=\"margin: 0px; padding: 0px;\"/></span></p><p style=\"margin-top: 0px; margin-bottom: 1.2em; padding: 0px; color: rgb(128, 128, 128); font-family: 微软雅黑; font-size: 12.96px; line-height: 25.92px; white-space: normal; background-color: rgb(255, 255, 255);\"><span style=\"margin: 0px; padding: 0px; line-height: 1.5;\">摄像头监控</span></p><p style=\"margin-top: 0px; margin-bottom: 1.2em; padding: 0px; color: rgb(128, 128, 128); font-family: 微软雅黑; font-size: 12.96px; line-height: 25.92px; white-space: normal; background-color: rgb(255, 255, 255);\"><span style=\"margin: 0px; padding: 0px; line-height: 1.5;\"><img src=\"http://www.qyd8.com/upload/venues/100/052/IMG_2147-3.jpg\" alt=\"\" style=\"margin: 0px; padding: 0px; border: 0px; max-width: 100%; height: auto;\"/><br style=\"margin: 0px; padding: 0px;\"/></span></p><p><span style=\"margin: 0px; padding: 0px; line-height: 1.5;\"><br/></span></p><p><br/></p>', '亦庄中学羽毛球馆 ', null, null, '1', null);
INSERT INTO `t_project` VALUES ('7', '2016-03-14 22:22:36', '北京李德发田径场', '33', '<p style=\"margin-top: 0px; margin-bottom: 1.2em; padding: 0px; color: rgb(128, 128, 128); font-family: 微软雅黑; font-size: 12.96px; line-height: 25.92px; white-space: normal; background-color: rgb(255, 255, 255);\">场馆内配备体育用品商店，商品齐全。&nbsp;<span style=\"margin: 0px; padding: 0px;\">场馆内部风格，体现运动元素。</span></p><p style=\"margin-top: 0px; margin-bottom: 1.2em; padding: 0px; color: rgb(128, 128, 128); font-family: 微软雅黑; font-size: 12.96px; line-height: 25.92px; white-space: normal; background-color: rgb(255, 255, 255);\"><img src=\"http://www.qyd8.com/upload/venues/100/065/%E5%9C%BA%E9%A6%86%E4%BB%8B%E7%BB%8D.jpg\" alt=\"\" style=\"margin: 0px; padding: 0px; border: 0px; max-width: 100%; height: auto;\"/></p><p style=\"margin-top: 0px; margin-bottom: 1.2em; padding: 0px; color: rgb(128, 128, 128); font-family: 微软雅黑; font-size: 12.96px; line-height: 25.92px; white-space: normal; background-color: rgb(255, 255, 255);\">场馆内部风格，体现运动元素。&nbsp;<span style=\"margin: 0px; padding: 0px;\">同时设有儿童活动区域，方便带孩子打球的家</span><span style=\"margin: 0px; padding: 0px;\">长</span><span style=\"margin: 0px; padding: 0px;\">。</span></p><p style=\"margin-top: 0px; margin-bottom: 1.2em; padding: 0px; color: rgb(128, 128, 128); font-family: 微软雅黑; font-size: 12.96px; line-height: 25.92px; white-space: normal; background-color: rgb(255, 255, 255);\"><img src=\"http://www.qyd8.com/upload/venues/100/065/%E5%9C%BA%E9%A6%86%E4%BB%8B%E7%BB%8D2.jpg\" alt=\"\" style=\"margin: 0px; padding: 0px; border: 0px; max-width: 100%; height: auto;\"/></p><p><br/></p>', '北京李德发田径场', null, null, '6', null);
INSERT INTO `t_project` VALUES ('8', '2016-03-14 22:22:54', '李宁体育公园', '345', '<p style=\"margin-top: 0px; margin-bottom: 1.2em; padding: 0px; color: rgb(128, 128, 128); font-family: 微软雅黑; font-size: 12.96px; line-height: 25.92px; white-space: normal; background-color: rgb(255, 255, 255);\">场馆内配备体育用品商店，商品齐全。&nbsp;<span style=\"margin: 0px; padding: 0px;\">场馆内部风格，体现运动元素。</span></p><p style=\"margin-top: 0px; margin-bottom: 1.2em; padding: 0px; color: rgb(128, 128, 128); font-family: 微软雅黑; font-size: 12.96px; line-height: 25.92px; white-space: normal; background-color: rgb(255, 255, 255);\"><img src=\"http://www.qyd8.com/upload/venues/100/065/%E5%9C%BA%E9%A6%86%E4%BB%8B%E7%BB%8D.jpg\" alt=\"\" style=\"margin: 0px; padding: 0px; border: 0px; max-width: 100%; height: auto;\"/></p><p style=\"margin-top: 0px; margin-bottom: 1.2em; padding: 0px; color: rgb(128, 128, 128); font-family: 微软雅黑; font-size: 12.96px; line-height: 25.92px; white-space: normal; background-color: rgb(255, 255, 255);\">场馆内部风格，体现运动元素。&nbsp;<span style=\"margin: 0px; padding: 0px;\">同时设有儿童活动区域，方便带孩子打球的家</span><span style=\"margin: 0px; padding: 0px;\">长</span><span style=\"margin: 0px; padding: 0px;\">。</span></p><p style=\"margin-top: 0px; margin-bottom: 1.2em; padding: 0px; color: rgb(128, 128, 128); font-family: 微软雅黑; font-size: 12.96px; line-height: 25.92px; white-space: normal; background-color: rgb(255, 255, 255);\"><img src=\"http://www.qyd8.com/upload/venues/100/065/%E5%9C%BA%E9%A6%86%E4%BB%8B%E7%BB%8D2.jpg\" alt=\"\" style=\"margin: 0px; padding: 0px; border: 0px; max-width: 100%; height: auto;\"/></p><p><br/></p>', '李宁体育公园', null, null, '6', null);
INSERT INTO `t_project` VALUES ('9', '2016-03-14 22:23:23', '宋夹城体育公园田径场', '34', '<p style=\"margin-top: 0px; margin-bottom: 1.2em; padding: 0px; color: rgb(128, 128, 128); font-family: 微软雅黑; font-size: 12.96px; line-height: 25.92px; white-space: normal; background-color: rgb(255, 255, 255);\">场馆内配备体育用品商店，商品齐全。&nbsp;<span style=\"margin: 0px; padding: 0px;\">场馆内部风格，体现运动元素。</span></p><p style=\"margin-top: 0px; margin-bottom: 1.2em; padding: 0px; color: rgb(128, 128, 128); font-family: 微软雅黑; font-size: 12.96px; line-height: 25.92px; white-space: normal; background-color: rgb(255, 255, 255);\"><img src=\"http://www.qyd8.com/upload/venues/100/065/%E5%9C%BA%E9%A6%86%E4%BB%8B%E7%BB%8D.jpg\" alt=\"\" style=\"margin: 0px; padding: 0px; border: 0px; max-width: 100%; height: auto;\"/></p><p style=\"margin-top: 0px; margin-bottom: 1.2em; padding: 0px; color: rgb(128, 128, 128); font-family: 微软雅黑; font-size: 12.96px; line-height: 25.92px; white-space: normal; background-color: rgb(255, 255, 255);\">场馆内部风格，体现运动元素。&nbsp;<span style=\"margin: 0px; padding: 0px;\">同时设有儿童活动区域，方便带孩子打球的家</span><span style=\"margin: 0px; padding: 0px;\">长</span><span style=\"margin: 0px; padding: 0px;\">。</span></p><p style=\"margin-top: 0px; margin-bottom: 1.2em; padding: 0px; color: rgb(128, 128, 128); font-family: 微软雅黑; font-size: 12.96px; line-height: 25.92px; white-space: normal; background-color: rgb(255, 255, 255);\"><img src=\"http://www.qyd8.com/upload/venues/100/065/%E5%9C%BA%E9%A6%86%E4%BB%8B%E7%BB%8D2.jpg\" alt=\"\" style=\"margin: 0px; padding: 0px; border: 0px; max-width: 100%; height: auto;\"/></p><p><br/></p>', '宋夹城体育公园田径场', null, null, '6', null);
INSERT INTO `t_project` VALUES ('10', '2016-03-14 22:24:37', '新华中学体育馆', '600', '<p style=\"margin-top: 0px; margin-bottom: 1.2em; padding: 0px; color: rgb(128, 128, 128); font-family: 微软雅黑; font-size: 12.96px; line-height: 25.92px; white-space: normal; background-color: rgb(255, 255, 255);\">场馆内配备体育用品商店，商品齐全。&nbsp;<span style=\"margin: 0px; padding: 0px;\">场馆内部风格，体现运动元素。</span></p><p style=\"margin-top: 0px; margin-bottom: 1.2em; padding: 0px; color: rgb(128, 128, 128); font-family: 微软雅黑; font-size: 12.96px; line-height: 25.92px; white-space: normal; background-color: rgb(255, 255, 255);\"><img src=\"http://www.qyd8.com/upload/venues/100/065/%E5%9C%BA%E9%A6%86%E4%BB%8B%E7%BB%8D.jpg\" alt=\"\" style=\"margin: 0px; padding: 0px; border: 0px; max-width: 100%; height: auto;\"/></p><p style=\"margin-top: 0px; margin-bottom: 1.2em; padding: 0px; color: rgb(128, 128, 128); font-family: 微软雅黑; font-size: 12.96px; line-height: 25.92px; white-space: normal; background-color: rgb(255, 255, 255);\">场馆内部风格，体现运动元素。&nbsp;<span style=\"margin: 0px; padding: 0px;\">同时设有儿童活动区域，方便带孩子打球的家</span><span style=\"margin: 0px; padding: 0px;\">长</span><span style=\"margin: 0px; padding: 0px;\">。</span></p><p style=\"margin-top: 0px; margin-bottom: 1.2em; padding: 0px; color: rgb(128, 128, 128); font-family: 微软雅黑; font-size: 12.96px; line-height: 25.92px; white-space: normal; background-color: rgb(255, 255, 255);\"><img src=\"http://www.qyd8.com/upload/venues/100/065/%E5%9C%BA%E9%A6%86%E4%BB%8B%E7%BB%8D2.jpg\" alt=\"\" style=\"margin: 0px; padding: 0px; border: 0px; max-width: 100%; height: auto;\"/></p><p><br/></p>', '新华中学体育馆', null, null, '6', null);
INSERT INTO `t_project` VALUES ('11', '2016-03-14 22:26:17', '朝阳来一份休闲中心', '300', '<ul class=\" list-paddingleft-2\"><li><p><br/></p></li><li><p><br/></p></li><li><p><br/></p></li><li><p><br/></p></li><li><p><br/></p></li></ul><p style=\"margin-top: 0px; margin-bottom: 1.2em; padding: 0px;\"><br/></p><p style=\"margin-top: 0px; margin-bottom: 1.2em; padding: 0px;\"><img src=\"http://www.qyd8.com/upload/venues/100/070/1/IMG_1594.jpg\" width=\"900\" height=\"600\" title=\"VICTOR 7051型地胶 场地灯光采用专业羽毛球LED侧灯   专业比赛级地胶 只为让运动更顺畅\" alt=\"VICTOR 7051型地胶 场地灯光采用专业羽毛球LED侧灯   专业比赛级地胶 只为让运动更顺畅\" style=\"margin: 0px; padding: 0px; border: 0px; max-width: 100%; height: auto;\"/></p><p style=\"margin-top: 0px; margin-bottom: 1.2em; padding: 0px;\"><img src=\"http://www.qyd8.com/upload/venues/100/070/1/IMG_1598.jpg\" title=\"去运动吧合约羽毛球馆——斯迈仕场馆的地胶、网柱、球网等 全部为VICTOR职业比赛级产品\" alt=\"去运动吧合约羽毛球馆——斯迈仕场馆的地胶、网柱、球网等 全部为VICTOR职业比赛级产品\" style=\"margin: 0px; padding: 0px; border: 0px; max-width: 100%; height: auto;\"/></p><p style=\"margin-top: 0px; margin-bottom: 1.2em; padding: 0px;\"><img src=\"http://www.qyd8.com/upload/venues/100/070/1/IMG_1602.jpg\" title=\"地胶、网柱、球网等 全部为VICTOR职业比赛级产品\" alt=\"地胶、网柱、球网等 全部为VICTOR职业比赛级产品\" style=\"margin: 0px; padding: 0px; border: 0px; max-width: 100%; height: auto;\"/></p><p style=\"margin-top: 0px; margin-bottom: 1.2em; padding: 0px;\"><img src=\"http://www.qyd8.com/upload/venues/100/070/1/IMG_1604.jpg\" title=\"去运动吧-斯迈仕品牌羽球专供 冠军品质羽毛球，稳定的飞行轨迹，给我意想不到的惊喜\" alt=\"去运动吧-斯迈仕品牌羽球专供 冠军品质羽毛球，稳定的飞行轨迹，给我意想不到的惊喜\" style=\"margin: 0px; padding: 0px; border: 0px; max-width: 100%; height: auto;\"/></p><p><br/></p>', '朝阳来一份休闲中心', null, null, '3', null);
INSERT INTO `t_project` VALUES ('12', '2016-03-14 22:26:51', '环湖室内体育场', '45', '<ul class=\" list-paddingleft-2\"><li><p><br/></p></li><li><p><br/></p></li><li><p><br/></p></li><li><p><br/></p></li><li><p><br/></p></li></ul><p style=\"margin-top: 0px; margin-bottom: 1.2em; padding: 0px;\"><br/></p><p style=\"margin-top: 0px; margin-bottom: 1.2em; padding: 0px;\"><img src=\"http://www.qyd8.com/upload/venues/100/070/1/IMG_1594.jpg\" width=\"900\" height=\"600\" title=\"VICTOR 7051型地胶 场地灯光采用专业羽毛球LED侧灯   专业比赛级地胶 只为让运动更顺畅\" alt=\"VICTOR 7051型地胶 场地灯光采用专业羽毛球LED侧灯   专业比赛级地胶 只为让运动更顺畅\" style=\"margin: 0px; padding: 0px; border: 0px; max-width: 100%; height: auto;\"/></p><p style=\"margin-top: 0px; margin-bottom: 1.2em; padding: 0px;\"><img src=\"http://www.qyd8.com/upload/venues/100/070/1/IMG_1598.jpg\" title=\"去运动吧合约羽毛球馆——斯迈仕场馆的地胶、网柱、球网等 全部为VICTOR职业比赛级产品\" alt=\"去运动吧合约羽毛球馆——斯迈仕场馆的地胶、网柱、球网等 全部为VICTOR职业比赛级产品\" style=\"margin: 0px; padding: 0px; border: 0px; max-width: 100%; height: auto;\"/></p><p style=\"margin-top: 0px; margin-bottom: 1.2em; padding: 0px;\"><img src=\"http://www.qyd8.com/upload/venues/100/070/1/IMG_1602.jpg\" title=\"地胶、网柱、球网等 全部为VICTOR职业比赛级产品\" alt=\"地胶、网柱、球网等 全部为VICTOR职业比赛级产品\" style=\"margin: 0px; padding: 0px; border: 0px; max-width: 100%; height: auto;\"/></p><p style=\"margin-top: 0px; margin-bottom: 1.2em; padding: 0px;\"><img src=\"http://www.qyd8.com/upload/venues/100/070/1/IMG_1604.jpg\" title=\"去运动吧-斯迈仕品牌羽球专供 冠军品质羽毛球，稳定的飞行轨迹，给我意想不到的惊喜\" alt=\"去运动吧-斯迈仕品牌羽球专供 冠军品质羽毛球，稳定的飞行轨迹，给我意想不到的惊喜\" style=\"margin: 0px; padding: 0px; border: 0px; max-width: 100%; height: auto;\"/></p><p><br/></p>', '环湖室内体育场', null, null, '3', null);
INSERT INTO `t_project` VALUES ('13', '2016-03-14 22:27:48', '实景三运动馆', '60', '<p style=\"margin-top: 0px; margin-bottom: 1.2em; padding: 0px; color: rgb(128, 128, 128); font-family: 微软雅黑; font-size: 12.96px; line-height: 25.92px; white-space: normal; background-color: rgb(255, 255, 255);\"><img src=\"http://www.qyd8.com/upload/venues/100/072/1/6.jpg\" alt=\"\" style=\"margin: 0px; padding: 0px; border: 0px; max-width: 100%; height: auto;\"/></p><p style=\"margin-top: 0px; margin-bottom: 1.2em; padding: 0px; color: rgb(128, 128, 128); font-family: 微软雅黑; font-size: 12.96px; line-height: 25.92px; white-space: normal; background-color: rgb(255, 255, 255);\"><img src=\"http://www.qyd8.com/upload/venues/100/072/1/4.jpg\" alt=\"\" style=\"margin: 0px; padding: 0px; border: 0px; max-width: 100%; height: auto;\"/></p><p style=\"margin-top: 0px; margin-bottom: 1.2em; padding: 0px; color: rgb(128, 128, 128); font-family: 微软雅黑; font-size: 12.96px; line-height: 25.92px; white-space: normal; background-color: rgb(255, 255, 255);\"><img src=\"http://sys.qyd8.com/upload/venues/100/072/1/IMG_1598.jpg\" alt=\"\" style=\"margin: 0px; padding: 0px; border: 0px; max-width: 100%; height: auto;\"/></p><p><br/></p>', '实景三运动馆', null, null, '3', null);
INSERT INTO `t_project` VALUES ('14', '2016-03-14 22:29:14', '123所内部场馆', '345', '<p style=\"margin-top: 0px; margin-bottom: 1.2em; padding: 0px; color: rgb(128, 128, 128); font-family: 微软雅黑; font-size: 12.96px; line-height: 25.92px; white-space: normal; background-color: rgb(255, 255, 255);\">羽毛球场地，宽敞、明亮，环境优美！</p><p style=\"margin-top: 0px; margin-bottom: 1.2em; padding: 0px; color: rgb(128, 128, 128); font-family: 微软雅黑; font-size: 12.96px; line-height: 25.92px; white-space: normal; background-color: rgb(255, 255, 255);\"><img src=\"http://www.qyd8.com/upload/venues/100/064/1/QQ%E6%88%AA%E5%9B%BE20150324102658.jpg\" alt=\"\" style=\"margin: 0px; padding: 0px; border: 0px; max-width: 100%; height: auto;\"/></p><p style=\"margin-top: 0px; margin-bottom: 1.2em; padding: 0px; color: rgb(128, 128, 128); font-family: 微软雅黑; font-size: 12.96px; line-height: 25.92px; white-space: normal; background-color: rgb(255, 255, 255);\"><img src=\"http://www.qyd8.com/upload/venues/100/064/1/QQ%E6%88%AA%E5%9B%BE20150324102809.jpg\" alt=\"\" style=\"margin: 0px; padding: 0px; border: 0px; max-width: 100%; height: auto;\"/></p><p style=\"margin-top: 0px; margin-bottom: 1.2em; padding: 0px; color: rgb(128, 128, 128); font-family: 微软雅黑; font-size: 12.96px; line-height: 25.92px; white-space: normal; background-color: rgb(255, 255, 255);\"><br/></p><p style=\"margin-top: 0px; margin-bottom: 1.2em; padding: 0px; color: rgb(128, 128, 128); font-family: 微软雅黑; font-size: 12.96px; line-height: 25.92px; white-space: normal; background-color: rgb(255, 255, 255);\"><br/></p><p style=\"margin-top: 0px; margin-bottom: 1.2em; padding: 0px; color: rgb(128, 128, 128); font-family: 微软雅黑; font-size: 12.96px; line-height: 25.92px; white-space: normal; background-color: rgb(255, 255, 255);\">圣园羽毛球馆内部同时配备有休息区，体育用品、饮料等商品。环境舒适。</p><p style=\"margin-top: 0px; margin-bottom: 1.2em; padding: 0px; color: rgb(128, 128, 128); font-family: 微软雅黑; font-size: 12.96px; line-height: 25.92px; white-space: normal; background-color: rgb(255, 255, 255);\"><img src=\"http://www.qyd8.com/upload/venues/100/064/QQ%E6%88%AA%E5%9B%BE20150324102935.jpg\" alt=\"\" style=\"margin: 0px; padding: 0px; border: 0px; max-width: 100%; height: auto;\"/></p><p style=\"margin-top: 0px; margin-bottom: 1.2em; padding: 0px; color: rgb(128, 128, 128); font-family: 微软雅黑; font-size: 12.96px; line-height: 25.92px; white-space: normal; background-color: rgb(255, 255, 255);\"><img src=\"http://www.qyd8.com/upload/venues/100/064/QQ%E6%88%AA%E5%9B%BE20150324103032.jpg\" alt=\"\" style=\"margin: 0px; padding: 0px; border: 0px; max-width: 100%; height: auto;\"/></p><p><br/></p>', '123所内部场馆', null, null, '3', null);
INSERT INTO `t_project` VALUES ('15', '2016-03-14 22:30:03', '朝阳中学游泳馆', '34', '<p style=\"margin-top: 0px; margin-bottom: 1.2em; padding: 0px; color: rgb(128, 128, 128); font-family: 微软雅黑; font-size: 12.96px; line-height: 25.92px; white-space: normal; background-color: rgb(255, 255, 255);\"><iframe width=\"604\" height=\"365\" frameborder=\"0\" scrolling=\"no\" marginheight=\"0\" marginwidth=\"0\" src=\"http://j.map.baidu.com/c54h0\"></iframe></p><p style=\"margin-top: 0px; margin-bottom: 1.2em; padding: 0px; color: rgb(128, 128, 128); font-family: 微软雅黑; font-size: 12.96px; line-height: 25.92px; white-space: normal; background-color: rgb(255, 255, 255);\"><br/></p><p style=\"margin-top: 0px; margin-bottom: 1.2em; padding: 0px; color: rgb(128, 128, 128); font-family: 微软雅黑; font-size: 12.96px; line-height: 25.92px; white-space: normal; background-color: rgb(255, 255, 255);\">羽毛球场地，宽敞、明亮，环境优美！</p><p><br/></p>', '朝阳中学游泳馆', null, null, '5', null);

-- ----------------------------
-- Table structure for t_user
-- ----------------------------
DROP TABLE IF EXISTS `t_user`;
CREATE TABLE `t_user` (
  `id` bigint(20) NOT NULL auto_increment,
  `address` varchar(255) default NULL,
  `create_date` datetime default NULL,
  `email` varchar(255) default NULL,
  `grade` varchar(255) default NULL,
  `level` varchar(255) default NULL,
  `name` varchar(255) default NULL,
  `password` varchar(255) default NULL,
  `tel` varchar(255) default NULL,
  `username` varchar(255) default NULL,
  `age` int(11) default NULL,
  PRIMARY KEY  (`id`)
) ENGINE=InnoDB AUTO_INCREMENT=8 DEFAULT CHARSET=utf8;

-- ----------------------------
-- Records of t_user
-- ----------------------------
INSERT INTO `t_user` VALUES ('1', '台湾XX街道', '2016-03-09 21:48:59', 'zhaoyangjay@sina.com', '中科院研究所', null, '王家卫', '123456', '1233333333', 'test2', null);
INSERT INTO `t_user` VALUES ('2', '台湾XX街道', '2016-03-09 21:48:55', 'zhaoyangjay@sina.com', '中科院研究所', null, '周星驰', '123456', '1233333333', 'test', null);
INSERT INTO `t_user` VALUES ('3', '台湾XX街道', '2016-03-14 22:45:23', 'zhaoyangjay@sina.com', '中科院研究所', null, '程冠希', '123456', '1233333333', 'test2', '18');
INSERT INTO `t_user` VALUES ('4', '台湾XX街道', '2016-03-12 21:50:10', 'zhaoyangjay@sina.com', '中科院研究所', null, 'user2', '123456', '1233333333', 'user2', null);
INSERT INTO `t_user` VALUES ('6', 'wu', '2016-03-14 22:34:12', 'ffff@www.com', 'wu', null, 'ceshu', '123456', '12555555', 'user5', '25');
INSERT INTO `t_user` VALUES ('7', '12', '2016-03-14 22:42:12', 'zhaoyangjay@sina.com', '1231', null, '胡小一', '123456', '1233333333', 'thinkgem', '12');
